onset	duration	trial_type	stim_name
0	5.932	fixation	n/a
9.76652309997009	586.103	movie	1.2.3
595.977802900015	4.449	fixation	n/a
