onset	duration	trial_type	stim_name
0	5.932	fixation	n/a
8.2294441999402	585.936	movie	3.1.3
594.595107499976	4.449	fixation	n/a
