onset	duration	trial_type	stim_name
0	5.932	fixation	n/a
8.90962579997721	679.429	movie	6.3.9
688.404032999999	4.449	fixation	n/a
