onset	duration	trial_type	stim_name
0	5.932	fixation	n/a
9.81790329981594	645.796	movie	2.4.1
656.2168453997	4.449	fixation	n/a
