onset	duration	trial_type	stim_name
0	5.932	fixation	n/a
8.1630434000399	645.796	movie	2.4.1
654.217826799955	4.449	fixation	n/a
