onset	duration	trial_type	stim_name
0	5.932	fixation	n/a
7.89337889989838	585.936	movie	3.1.3
593.992701699957	4.449	fixation	n/a
