onset	duration	trial_type	stim_name
0	5.932	fixation	n/a
7.99597080005331	585.936	movie	3.1.3
593.994722000323	4.449	fixation	n/a
