onset	duration	trial_type	stim_name
0	5.932	fixation	n/a
9.27930900035426	586.103	movie	1.2.3
595.427116900217	4.449	fixation	n/a
