onset	duration	trial_type	stim_name
0	5.932	fixation	n/a
8.54667739989236	645.796	movie	2.4.1
654.416809499962	4.449	fixation	n/a
