onset	duration	trial_type	stim_name
0	5.932	fixation	n/a
9.77897199988367	645.796	movie	2.4.1
656.300207700115	4.449	fixation	n/a
