onset	duration	trial_type	stim_name
0	5.932	fixation	n/a
9.57517619989812	585.936	movie	3.1.3
595.946762999985	4.449	fixation	n/a
