onset	duration	trial_type	stim_name
0	5.932	fixation	n/a
9.41879720008001	645.796	movie	2.4.1
655.315836399794	4.449	fixation	n/a
