onset	duration	trial_type	stim_name
0	5.932	fixation	n/a
8.58849080000071	645.796	movie	2.4.1
655.001212700037	4.449	fixation	n/a
