onset	duration	trial_type	stim_name
0	5.932	fixation	n/a
9.84840969974175	679.429	movie	6.3.9
689.336899999995	4.449	fixation	n/a
