onset	duration	trial_type	stim_name
0	5.932	fixation	n/a
8.13334140041843	585.936	movie	3.1.3
594.143691500183	4.449	fixation	n/a
