onset	duration	trial_type	stim_name
0	5.932	fixation	n/a
9.64384819986299	645.796	movie	2.4.1
655.499960099813	4.449	fixation	n/a
