onset	duration	trial_type	stim_name
0	5.932	fixation	n/a
8.34148770011961	586.103	movie	1.2.3
594.609713200014	4.449	fixation	n/a
