onset	duration	trial_type	stim_name
0	5.932	fixation	n/a
9.86794270016253	679.429	movie	6.3.9
689.486391900107	4.449	fixation	n/a
