onset	duration	trial_type	stim_name
0	5.932	fixation	n/a
9.81328280037269	645.796	movie	2.4.1
655.850560100283	4.449	fixation	n/a
