onset	duration	trial_type	stim_name
0	5.932	fixation	n/a
10.177899800241	679.429	movie	6.3.9
690.603382400237	4.449	fixation	n/a
