onset	duration	trial_type	stim_name
0	5.932	fixation	n/a
9.50302890036257	585.936	movie	3.1.3
595.511653799564	4.449	fixation	n/a
