onset	duration	trial_type	stim_name
0	5.932	fixation	n/a
8.53269070014358	645.796	movie	2.4.1
654.633163299412	4.449	fixation	n/a
