onset	duration	trial_type	stim_name
0	5.932	fixation	n/a
8.23201320017688	585.936	movie	3.1.3
594.227676200215	4.449	fixation	n/a
