onset	duration	trial_type	stim_name
0	5.932	fixation	n/a
8.48563520004973	645.796	movie	2.4.1
654.650448000059	4.449	fixation	n/a
