onset	duration	trial_type	stim_name
0	5.932	fixation	n/a
7.92012079991399	586.103	movie	1.2.3
594.077449699864	4.449	fixation	n/a
