onset	duration	trial_type	stim_name
0	5.932	fixation	n/a
9.76788319973275	645.796	movie	2.4.1
655.66675229976	4.449	fixation	n/a
