onset	duration	trial_type	stim_name
0	5.932	fixation	n/a
8.42207479989155	645.796	movie	2.4.1
654.350753499893	4.449	fixation	n/a
