onset	duration	trial_type	stim_name
0	5.932	fixation	n/a
8.46550229995047	585.936	movie	3.1.3
595.628607299994	4.449	fixation	n/a
