onset	duration	trial_type	stim_name
0	5.932	fixation	n/a
8.73200790002011	679.429	movie	6.3.9
689.138157900015	4.449	fixation	n/a
