{"1.2.3_uncertainty-SEM": [12.092, 58.065, 81.793, 104.038, 117.385, 145.562, 219.712, 231.576, 271.617, 289.41300000000007, 326.48800000000006, 338.35200000000003, 353.1820000000001, 375.427, 412.50200000000007, 445.128, 563.768, 583.047], "1.2.3_pe-SEM": [75.861, 92.174, 105.521, 124.8, 144.079, 154.46, 166.324, 270.134, 372.46100000000007, 445.128, 574.149], "1.2.3_fineturk": [18.024, 58.065, 80.31, 92.174, 104.038, 145.562, 225.644, 236.025, 270.134, 286.44700000000006, 301.27700000000004, 322.03900000000004, 333.903, 353.1820000000001, 378.393, 402.121, 427.3320000000001, 442.162, 505.931, 531.142, 577.115], "1.2.3_coarseturk": [58.065, 81.793, 150.011, 273.1, 338.35200000000003, 378.393, 427.3320000000001, 442.162, 505.931, 578.598], "6.3.9_uncertainty-SEM": [13.812, 28.642, 58.30200000000001, 73.132, 89.44500000000001, 114.656, 130.96900000000002, 157.663, 168.044, 184.357, 200.67, 215.5, 240.711, 279.269, 325.242, 354.90200000000004, 372.698, 434.984, 470.576, 523.964, 543.243, 566.971, 604.046, 618.8760000000001, 645.57], "6.3.9_pe-SEM": [10.846, 68.683, 89.44500000000001, 111.69, 130.96900000000002, 169.52700000000002, 209.568, 239.228, 251.092, 277.786, 291.13300000000004, 320.793, 351.93600000000004, 371.215, 390.494, 414.222, 430.535, 506.168, 526.9300000000001, 550.658, 609.9780000000001, 630.74, 650.019], "6.3.9_fineturk": [16.778, 31.608, 56.819, 86.479, 108.724, 129.48600000000002, 151.731, 181.391, 199.187, 227.364, 254.058, 279.269, 301.514, 322.276, 356.385, 374.181, 415.705, 437.9500000000001, 525.447, 602.563, 632.2230000000001, 664.849], "6.3.9_coarseturk": [15.295000000000002, 56.819, 202.153, 279.269, 304.48, 418.6710000000001, 437.9500000000001, 525.447], "3.1.3_uncertainty-SEM": [9.969, 24.799, 72.255, 84.119, 95.983, 131.57500000000002, 165.68400000000003, 192.378, 254.664, 291.739, 336.229, 386.651, 410.379, 437.073, 456.352, 471.182, 506.774, 520.121, 552.7470000000001], "3.1.3_pe-SEM": [11.452, 24.799, 50.010000000000005, 70.772, 88.568, 110.813, 133.05800000000002, 168.65000000000003, 190.895, 210.17400000000004, 227.97000000000003, 251.69800000000004, 308.052, 333.263, 345.127, 370.338, 386.651, 398.515, 416.311, 431.141, 453.386, 471.182, 490.461, 509.74, 530.5020000000001, 551.264, 561.645], "3.1.3_fineturk": [18.867, 66.32300000000001, 78.187, 94.5, 130.092, 149.371, 168.65000000000003, 184.963, 201.276, 225.004, 253.18100000000004, 263.562, 324.365, 343.644, 374.787, 385.168, 413.345, 432.624, 459.318, 474.148, 491.944, 509.74, 554.23, 564.611], "3.1.3_coarseturk": [21.833, 70.772, 170.133, 343.644, 414.828, 459.318, 566.094], "2.4.1_uncertainty-SEM": [6.82, 78.00399999999999, 94.317, 125.46, 144.739, 171.433, 196.644, 227.787, 284.141, 296.005, 313.801, 349.39300000000003, 379.053, 398.332, 531.8020000000001, 576.292, 623.748], "2.4.1_pe-SEM": [9.786, 30.548, 92.834, 113.596, 150.671, 171.433, 187.746, 209.991, 229.27, 312.31800000000004, 337.529, 347.91, 370.155, 389.434, 429.475, 531.8020000000001, 549.5980000000001, 570.3600000000001, 589.6390000000001], "2.4.1_fineturk": [9.786, 20.167, 78.00399999999999, 89.868, 109.14700000000002, 125.46, 135.841, 158.086, 183.297, 195.161, 211.474, 223.338, 239.651, 282.658, 313.801, 331.59700000000004, 344.944, 356.808, 399.815, 468.033, 531.8020000000001, 579.258, 625.2310000000001], "2.4.1_coarseturk": [193.678, 223.338, 315.284, 331.59700000000004, 359.774, 401.298, 531.8020000000001, 579.258, 626.714]}