onset	duration	trial_type	stim_name
0	5.932	fixation	n/a
9.49696969985962	586.103	movie	1.2.3
595.660673900042	4.449	fixation	n/a
