onset	duration	trial_type	stim_name
0	5.932	fixation	n/a
9.34465370001271	585.936	movie	3.1.3
595.359775800258	4.449	fixation	n/a
