onset	duration	trial_type	stim_name
0	5.932	fixation	n/a
8.56633679987863	679.429	movie	6.3.9
688.069703499787	4.449	fixation	n/a
