onset	duration	trial_type	stim_name
0	5.932	fixation	n/a
9.92373479995877	645.796	movie	2.4.1
655.800499200355	4.449	fixation	n/a
