onset	duration	trial_type	stim_name
0	5.932	fixation	n/a
8.1709433000069	585.936	movie	3.1.3
594.177263700054	4.449	fixation	n/a
